{
  "Acessar Amazon" : {
    "transaction" : "Acessar Amazon",
    "sampleCount" : 200,
    "errorCount" : 176,
    "errorPct" : 88.0,
    "meanResTime" : 706.0750000000003,
    "medianResTime" : 620.0,
    "minResTime" : 213.0,
    "maxResTime" : 3216.0,
    "pct1ResTime" : 1271.8,
    "pct2ResTime" : 1530.3999999999999,
    "pct3ResTime" : 1940.6200000000013,
    "throughput" : 0.2313877480187424,
    "receivedKBytesPerSec" : 2.783179963628738,
    "sentKBytesPerSec" : 0.02688978712327182
  },
  "Acessar Gov" : {
    "transaction" : "Acessar Gov",
    "sampleCount" : 150,
    "errorCount" : 0,
    "errorPct" : 0.0,
    "meanResTime" : 1071.9533333333334,
    "medianResTime" : 957.5,
    "minResTime" : 530.0,
    "maxResTime" : 2527.0,
    "pct1ResTime" : 1584.8000000000002,
    "pct2ResTime" : 2026.3499999999995,
    "pct3ResTime" : 2499.9700000000003,
    "throughput" : 0.14389897141015237,
    "receivedKBytesPerSec" : 21.6638758510425,
    "sentKBytesPerSec" : 0.03302368972791583
  },
  "Total" : {
    "transaction" : "Total",
    "sampleCount" : 1350,
    "errorCount" : 176,
    "errorPct" : 13.037037,
    "meanResTime" : 1439.6222222222211,
    "medianResTime" : 928.0,
    "minResTime" : 213.0,
    "maxResTime" : 5997.0,
    "pct1ResTime" : 3270.1000000000035,
    "pct2ResTime" : 4346.500000000002,
    "pct3ResTime" : 5428.9400000000005,
    "throughput" : 0.014803015613321724,
    "receivedKBytesPerSec" : 2.0470310092214126,
    "sentKBytesPerSec" : 0.001907665821407165
  },
  "Acessar Globo" : {
    "transaction" : "Acessar Globo",
    "sampleCount" : 200,
    "errorCount" : 0,
    "errorPct" : 0.0,
    "meanResTime" : 3587.075,
    "medianResTime" : 3700.0,
    "minResTime" : 271.0,
    "maxResTime" : 5997.0,
    "pct1ResTime" : 5253.8,
    "pct2ResTime" : 5496.349999999999,
    "pct3ResTime" : 5955.620000000003,
    "throughput" : 0.23042324140982154,
    "receivedKBytesPerSec" : 140.73031962295846,
    "sentKBytesPerSec" : 0.026552678209334907
  },
  "Acessar Gov-1" : {
    "transaction" : "Acessar Gov-1",
    "sampleCount" : 150,
    "errorCount" : 0,
    "errorPct" : 0.0,
    "meanResTime" : 685.926666666667,
    "medianResTime" : 571.0,
    "minResTime" : 243.0,
    "maxResTime" : 2121.0,
    "pct1ResTime" : 1157.2000000000003,
    "pct2ResTime" : 1688.45,
    "pct3ResTime" : 2103.1500000000005,
    "throughput" : 0.14394081153829544,
    "receivedKBytesPerSec" : 21.56115186685235,
    "sentKBytesPerSec" : 0.016868063852143997
  },
  "Acessar Correios" : {
    "transaction" : "Acessar Correios",
    "sampleCount" : 150,
    "errorCount" : 0,
    "errorPct" : 0.0,
    "meanResTime" : 451.31333333333333,
    "medianResTime" : 410.0,
    "minResTime" : 297.0,
    "maxResTime" : 977.0,
    "pct1ResTime" : 646.8,
    "pct2ResTime" : 703.45,
    "pct3ResTime" : 922.940000000001,
    "throughput" : 0.14393280065403063,
    "receivedKBytesPerSec" : 11.422557661279102,
    "sentKBytesPerSec" : 0.017429362579199022
  },
  "Acessar Google" : {
    "transaction" : "Acessar Google",
    "sampleCount" : 350,
    "errorCount" : 0,
    "errorPct" : 0.0,
    "meanResTime" : 1987.5114285714296,
    "medianResTime" : 1873.0,
    "minResTime" : 725.0,
    "maxResTime" : 3835.0,
    "pct1ResTime" : 2976.8,
    "pct2ResTime" : 3126.2,
    "pct3ResTime" : 3625.9,
    "throughput" : 0.003837930510671415,
    "receivedKBytesPerSec" : 0.055491153054108316,
    "sentKBytesPerSec" : 4.460095027049789E-4
  },
  "Acessar Gov-0" : {
    "transaction" : "Acessar Gov-0",
    "sampleCount" : 150,
    "errorCount" : 0,
    "errorPct" : 0.0,
    "meanResTime" : 385.67999999999995,
    "medianResTime" : 370.0,
    "minResTime" : 263.0,
    "maxResTime" : 666.0,
    "pct1ResTime" : 485.30000000000007,
    "pct2ResTime" : 598.1499999999999,
    "pct3ResTime" : 657.8400000000001,
    "throughput" : 0.1441755943398584,
    "receivedKBytesPerSec" : 0.10920081035094263,
    "sentKBytesPerSec" : 0.016191595067464568
  }
}